ふりがな,山名<山頂名>,都道府県,標高,緯度,経度
ふじさん<けんがみね>,富士山<剣ヶ峯>,山梨県 静岡県,3776,35.36083333,138.7275
きただけ,北岳,山梨県,3193,35.67444444,138.2388889
おくほたかだけ,奥穂高岳,長野県 岐阜県,3190,36.28916667,137.6480556
あいのだけ,間ノ岳,山梨県 静岡県,3190,35.64611111,138.2283333
やりがたけ,槍ヶ岳,長野県,3180,36.34194444,137.6475
ひがしだけ（わるさわだけ）,東岳（悪沢岳）,静岡県,3141,35.50083333,138.1825
あかいしだけ,赤石岳,長野県 静岡県,3121,35.46111111,138.1572222
からさわだけ,涸沢岳,長野県 岐阜県,3110,36.29583333,137.6469444
きたほたかだけ,北穂高岳,長野県 岐阜県,3106,36.3025,137.6519444
おおばみだけ,大喰岳,長野県 岐阜県,3101,36.33583333,137.6458333
まえほたかだけ,前穂高岳,長野県,3090,36.28194444,137.6605556
なかだけ,中岳,長野県 岐阜県,3084,36.32972222,137.6466667
あらかわだけ<なかだけ>,荒川岳<中岳>,静岡県,3084,35.49666667,138.1669444
あらかわだけ<まえだけ>,荒川岳<前岳>,長野県 静岡県,3068,35.49416667,138.1641667
おんたけさん<けんがみね>,御嶽山<剣ヶ峰>,長野県,3067,35.89277778,137.4802778
しおみだけ,塩見岳,長野県 静岡県,3052,35.57305556,138.1836111
のうとりだけ<にしのうとりだけ>,農鳥岳<西農鳥岳>,山梨県 静岡県,3051,35.62472222,138.2302778
みなみだけ,南岳,長野県 岐阜県,3033,36.31888889,137.6508333
せんじょうがたけ,仙丈ヶ岳,山梨県 長野県,3033,35.72,138.1836111
のりくらだけ<けんがみね>,乗鞍岳<剣ヶ峰>,岐阜県 長野県,3026,36.10638889,137.5536111
のうとりだけ,農鳥岳,山梨県 静岡県,3026,35.62111111,138.2369444
たてやま<おおなんじやま>,立山<大汝山>,富山県,3015,36.57583333,137.6197222
ひじりだけ<まえひじりだけ>,聖岳<前聖岳>,長野県 静岡県,3013,35.42277778,138.1397222
つるぎだけ,剱岳,富山県,2999,36.62333333,137.6169444
すいしょうだけ（くろだけ）,水晶岳（黒岳）,富山県,2986,36.42638889,137.6027778
こまがたけ,駒ヶ岳,山梨県 長野県,2967,35.75805556,138.2366667
こまがたけ,駒ヶ岳,長野県,2956,35.78944444,137.8044444
しろうまだけ,白馬岳,富山県 長野県,2932,36.75861111,137.7586111
こまがたけ<ほうけんだけ>,駒ヶ岳<宝剣岳>,長野県,2931,35.78138889,137.8091667
やくしだけ,薬師岳,富山県,2926,36.46888889,137.5447222
のぐちごろうだけ,野口五郎岳,富山県 長野県,2924,36.43277778,137.6377778
わしばだけ,鷲羽岳,富山県 長野県,2924,36.40305556,137.6052778
だいてんじょうだけ,大天井岳,長野県,2922,36.365,137.7011111
にしほたかだけ,西穂高岳,長野県 岐阜県,2909,36.27888889,137.6291667
やりがたけ,鑓ヶ岳,富山県 長野県,2903,36.73138889,137.7552778
あかだけ,赤岳,長野県 山梨県,2899,35.97083333,138.37
かさがたけ,笠ヶ岳,岐阜県,2898,36.31555556,137.5502778
ひろごうちだけ,広河内岳,山梨県 静岡県,2895,35.60611111,138.2358333
かしまやりがたけ,鹿島槍ヶ岳,富山県 長野県,2889,36.62444444,137.7469444
べっさん,別山,富山県,2880,36.5975,137.6202778
りゅうおうだけ,龍王岳,富山県,2872,36.56472222,137.6072222
あさひだけ,旭岳,富山県,2867,36.75777778,137.7458333
こうもりだけ,蝙蝠岳,静岡県,2865,35.55694444,138.2072222
あかうしだけ,赤牛岳,富山県,2864,36.46166667,137.6033333
うつぎだけ,空木岳,長野県,2864,35.71888889,137.8172222
まさごだけ,真砂岳,富山県,2861,36.58666667,137.62
すごろくだけ,双六岳,長野県 岐阜県,2860,36.37194444,137.5872222
じょうねんだけ,常念岳,長野県,2857,36.32555556,137.7275
さんのさわだけ,三沢岳,長野県,2847,35.76666667,137.7941667
みつだけ,三ッ岳,富山県 長野県,2845,36.45472222,137.6494444
みつまたれんげだけ,三俣蓮華岳,富山県 岐阜県 長野県,2841,36.39,137.5877778
みなみこまがたけ,南駒ヶ岳,長野県,2841,35.70138889,137.8108333
かんのんがだけ,観音ヶ岳,山梨県,2841,35.70166667,138.3047222
くろべごろうだけ（なかのまただけ）,黒部五郎岳（中ノ俣岳）,富山県 岐阜県,2840,36.3925,137.54
りゅうおうだけ<じょうどさん>,龍王岳<浄土山>,富山県,2831,36.56833333,137.6036111
よこだけ,横岳,長野県,2830,35.98583333,138.3727778
じいだけ,祖父岳,富山県,2825,36.41111111,137.5911111
はりのきだけ,針ノ木岳,富山県 長野県,2821,36.53805556,137.6844444
おおさわだけ,大沢岳,長野県 静岡県,2820,35.44888889,138.1202778
うさぎだけ,兎岳,長野県 静岡県,2818,35.42861111,138.1211111
ごりゅうだけ,五龍岳,富山県,2814,36.65833333,137.7527778
ひがしてんじょうだけ,東天井岳,長野県,2814,36.35333333,137.7155556
ぬけどだけ,抜戸岳,岐阜県,2813,36.32777778,137.575
しゃくしだけ,杓子岳,富山県 長野県,2812,36.74055556,137.7591667
なかもりまるやま,中盛丸山,長野県 静岡県,2807,35.44277778,138.1219444
あみだだけ,阿弥陀岳,長野県,2805,35.97222222,138.3588889
かみこうちだけ,上河内岳,静岡県,2803,35.38972222,138.1527778
こごうちだけ,小河内岳,長野県 静岡県,2802,35.53777778,138.1530556
れんげだけ,蓮華岳,富山県 長野県,2799,36.53583333,137.7105556
あさよみね,アサヨ峰,山梨県,2799,35.73166667,138.2413889
みなみこまがたけ<あかなぎだけ>,南駒ヶ岳<,長野県,2798,35.70611111,137.8155556
やくしがだけ,薬師ヶ岳,山梨県,2780,35.69611111,138.3116667
たかみね,高嶺,山梨県,2779,35.70972222,138.2877778
くまざわだけ,熊沢岳,長野県,2778,35.73916667,137.8033333
つるぎごぜん,剱御前,富山県,2777,36.6025,137.6088889
あかいわだけ,赤岩岳,長野県,2769,36.34333333,137.6841667
よことおしだけ,横通岳,長野県,2767,36.3425,137.7269444
おおかごだけ,大籠岳,山梨県 静岡県,2767,35.59305556,138.2433333
これんげさん,小蓮華山,新潟県 長野県,2766,36.77361111,137.7761111
じぞうがたけ,地蔵ヶ岳,山梨県,2764,35.71222222,138.2986111
つばくろだけ,燕岳,長野県,2763,36.40694444,137.7127778
いおうだけ,硫黄岳,長野県,2760,35.99861111,138.37
にしだけ,西岳,長野県,2758,36.33722222,137.6794444
もみさわだけ,樅沢岳,長野県 岐阜県,2755,36.36666667,137.6077778
すばりだけ,スバリ岳,富山県 長野県,2752,36.54416667,137.685
こまつみね,駒津峰,山梨県 長野県,2752,35.75472222,138.2308333
せんがいれい,仙涯嶺,長野県,2734,35.69222222,137.8136111
こまがたけ<むぎくさだけ>,駒ヶ岳<麦草岳>,長野県,2733,35.79666667,137.7861111
ささやま,笹山,山梨県 静岡県,2733,35.57111111,138.2438889
しょうぎがしらやま,将棊頭山,長野県,2730,35.80333333,137.8269444
ひのきおだけ,檜尾岳,長野県,2728,35.75194444,137.8133333
えぼしだけ,烏帽子岳,長野県 静岡県,2726,35.55361111,138.1536111
こたろうやま,小太郎山,山梨県,2725,35.70083333,138.24
ごんげんだけ,権現岳,山梨県,2715,35.94972222,138.3597222
あさよみね<くりさわやま>,アサヨ峰<栗沢山>,山梨県,2714,35.73805556,138.2341667
みなみまさごだけ,南真砂岳,長野県,2713,36.41333333,137.6416667
はくさん<ごぜんがみね>,白山<御前峰>,石川県 岐阜県,2702,36.155,136.7713889
きたあらかわだけ,北荒川岳,長野県,2698,35.59472222,138.1944444
からまつだけ,唐松岳,富山県 長野県,2696,36.68722222,137.7547222
あべあらくらだけ,安倍荒倉岳,長野県 静岡県,2693,35.62305556,138.2030556
のこぎりだけ,鋸岳,山梨県 長野県,2685,35.77888889,138.21
あかざわだけ,赤沢岳,富山県 長野県,2678,36.56194444,137.6875
ちょうがたけ,蝶ヶ岳,長野県,2677,36.2875,137.7261111
ひがしかわだけ,東川岳,長野県,2671,35.72527778,137.8055556
じいがたけ,爺ヶ岳,富山県 長野県,2670,36.58833333,137.7508333
あかさわやま,赤沢山,長野県,2670,36.32916667,137.6797222
しんじゃぬけやま,新蛇抜山,長野県 静岡県,2667,35.60722222,138.2052778
きたのまただけ（かみのだけ）,北ノ俣岳（上ノ岳）,富山県 岐阜県,2662,36.42111111,137.5122222
しょうぎがしらやま<ちゃうすやま>,将棊頭山<茶臼山>,長野県,2658,35.81472222,137.8216667
ほんたにやま,本谷山,長野県 静岡県,2658,35.57083333,138.1516667
ふたごやま,双児山,山梨県 長野県,2649,35.75083333,138.2213889
がきだけ,餓鬼岳,長野県,2647,36.44722222,137.7361111
てんぐだけ,天狗岳,長野県,2646,36.01916667,138.3555556
かすみざわだけ,霞沢岳,長野県,2646,36.22111111,137.6405556
いたやだけ,板屋岳,長野県 静岡県,2646,35.51805556,138.1461111
なるさわだけ,鳴沢岳,富山県 長野県,2641,36.56861111,137.6955556
からさわだけ,唐沢岳,長野県,2633,36.46111111,137.7166667
いわごやざわだけ,岩小屋沢岳,富山県 長野県,2630,36.57694444,137.7133333
ざるがたけ,笊ヶ岳,山梨県 静岡県,2629,35.42416667,138.2594444
えぼしだけ,烏帽子岳,富山県 長野県,2628,36.47944444,137.6508333
みなみさわだけ,南沢岳,富山県 長野県,2626,36.49,137.6530556
くにみだけ,国見岳,富山県,2621,36.57111111,137.5897222
わしだけ,鷲岳,富山県,2617,36.54194444,137.5872222
とんびやま,鳶山,富山県,2616,36.53416667,137.5858333
おおたきやま,大滝山,長野県,2616,36.27416667,137.7433333
こすもやま,越百山,長野県,2614,35.67944444,137.8033333
ゆきくらだけ,雪倉岳,新潟県 富山県,2611,36.79472222,137.7541667
おくだいにちだけ,奥大日岳,富山県,2611,36.59833333,137.5808333
ちゃうすだけ,茶臼岳,長野県 静岡県,2604,35.36916667,138.1405556
しょうずだけ,清水岳,富山県,2603,36.76472222,137.7188889
きたおくせんじょうだけ,北奥千丈岳,山梨県,2601,35.86861111,138.6708333
ふどうだけ,不動岳,富山県 長野県,2601,36.49527778,137.6672222
きんぷさん,金峰山,山梨県 長野県,2599,35.87138889,138.6252778
とくえもんだけ,徳右衛門岳,静岡県,2599,35.53944444,138.2263889
こくしがたけ,国師ヶ岳,山梨県 長野県,2592,35.87083333,138.6730556
えっちゅうざわだけ,越中沢岳,富山県,2592,36.515,137.5830556
ゆみおりだけ,弓折岳,岐阜県,2592,36.34944444,137.5966667
てかりだけ,光岳,静岡県 長野県,2592,35.33805556,138.0838889
つじやま,辻山,山梨県,2585,35.67638889,138.3219444
ぬのびきやま,布引山,山梨県 静岡県,2584,35.40861111,138.2583333
ごんげんだけ<みつがしら>,権現岳<三ッ頭>,山梨県,2580,35.94222222,138.3638889
あさひだけ,朝日岳,山梨県 長野県,2579,35.87444444,138.6425
しらねさん,白根山,群馬県 栃木県,2578,36.79861111,139.3758333
おおひかげやま,大日影山,長野県 静岡県,2573,35.52222222,138.1383333
あさまやま,浅間山,群馬県 長野県,2568,36.40666667,138.5230556
みねのまつめ,峰の松目,長野県,2568,35.99694444,138.3505556
はちがたけ,鉢ヶ岳,新潟県 富山県,2563,36.78027778,137.7494444
いけのだいらやま,池平山,富山県,2561,36.64111111,137.6258333
おおからまつやま,大唐松山,山梨県,2561,35.62166667,138.2694444
ななくらやま,七倉山,石川県,2557,36.17111111,136.7586111
いおうだけ,硫黄岳,長野県,2554,36.38055556,137.6505556
きたくずだけ,北葛岳,富山県 長野県,2551,36.5175,137.7055556
くろべいやま,黒檜山,長野県,2541,35.64444444,138.1861111
たてしなやま,蓼科山,長野県,2531,36.10361111,138.295
じゅっこくやま,十石山,長野県 岐阜県,2525,36.16361111,137.5905556
あみがさやま,編笠山,山梨県 長野県,2524,35.94166667,138.345
にっただけ,仁田岳,静岡県,2524,35.36083333,138.1272222
いなあらくらだけ,伊那荒倉岳,山梨県 長野県,2519,35.68916667,138.1941667
こひかげやま,小日影山,長野県,2506,35.52527778,138.1263889
だいにちだけ,大日岳,富山県,2501,36.59944444,137.55
なんたいさん,男体山,栃木県,2486,36.765,139.4908333
にょほうさん,女峰山,栃木県,2483,36.81138889,139.5363889
さんぽうやま,三宝山,埼玉県 長野県,2483,35.9175,138.7277778
よこだけ,横岳,長野県,2480,36.0875,138.32
こぶしがたけ,甲武信ヶ岳,埼玉県 山梨県 長野県,2475,35.90888889,138.7288889
おくちゃうすやま,奥茶臼山,長野県,2474,35.485,138.0691667
のりくらだけ,乗鞍岳,新潟県 長野県,2469,36.78861111,137.7991667
ひうちやま,火打山,新潟県,2462,36.92277778,138.0680556
やけだけ,焼岳,長野県 岐阜県,2455,36.22694444,137.5869444
みょうこうさん,妙高山,新潟県,2454,36.89138889,138.1133333
はちもりやま,鉢盛山,長野県,2447,36.08666667,137.7547222
あさひだけ,朝日岳,新潟県 富山県,2418,36.82666667,137.73
けかつやま,毛勝山,富山県,2415,36.70111111,137.5908333
あおなぎやま,青薙山,静岡県,2406,35.36972222,138.2286111
しまがれやま,縞枯山,長野県,2403,36.07555556,138.3311111
やけやま,焼山,新潟県,2400,36.92083333,138.0358333
べっさん,別山,石川県 岐阜県,2399,36.10555556,136.7658333
ごんげんだけ<にしだけ>,権現岳<西岳>,長野県,2398,35.95,138.335
いけぐちだけ,池口岳,長野県 静岡県,2392,35.33027778,138.0383333
ねこまたやま,猫又山,富山県,2378,36.68111111,137.5902778
にょほうさん<おおまなごさん>,女峰山<大真名子山>,栃木県,2376,36.79527778,139.5072222
おおだないりやま,大棚入山,長野県,2375,35.84805556,137.81
たろうさん,太郎山,栃木県,2368,36.81777778,139.4827778
あんぺいじやま,安平路山,長野県,2363,35.63055556,137.7744444
ひうちがたけ<しばやすぐら>,燧ヶ岳<>,福島県,2356,36.955,139.2852778
あずまやさん,四阿山,長野県 群馬県,2354,36.54166667,138.4130556
たかつまやま,高妻山,新潟県 長野県,2353,36.8,138.0519444
いわすげやま<うらいわすげやま>,岩菅山<裏岩菅山>,長野県,2341,36.75277778,138.5680556
だいむげんざん,大無間山,静岡県,2330,35.25611111,138.1616667
にょほうさん<こまなごさん>,女峰山<小真名子山>,栃木県,2323,36.80722222,139.5108333
よこてやま,横手山,群馬県 長野県,2307,36.66888889,138.5258333
きょうがたけ,経ヶ岳,長野県,2296,35.91277778,137.8625
いわすげやま,岩菅山,長野県,2295,36.74194444,138.5594444
たいせつざん<あさひだけ>,大雪山<旭岳>,北海道,2291,43.66361111,142.8541667
ありあけやま,有明山,長野県,2268,36.39111111,137.7705556
たいせつざん<ほくちんだけ>,大雪山<北鎮岳>,北海道,2244,43.69277778,142.8797222
ちょうかいざん<しんざん>,鳥海山<新山>,山形県,2236,39.09916667,140.0488889
たいせつざん<はくうんだけ>,大雪山<白雲岳>,北海道,2230,43.66111111,142.9058333
みずがきやま,瑞牆山,山梨県,2230,35.89333333,138.5919444
しぶつさん,至仏山,群馬県,2228,36.90361111,139.1733333
かごのとやま<ひがしかごのとやま>,篭ノ登山<東篭ノ登山>,長野県 群馬県,2228,36.41944444,138.4472222
あずまやさん<ねこだけ>,四阿山<根子岳>,長野県,2207,36.54916667,138.3952778
さぶりゅうやま,佐武流山,新潟県 長野県,2192,36.77222222,138.6705556
えなさん,恵那山,長野県 岐阜県,2191,35.44361111,137.5972222
ふどうがたけ,不動岳,静岡県,2172,35.23555556,138.0411111
もとしらねさん,本白根山,群馬県,2171,36.62277778,138.5319444
すりこぎやま,摺古木山,長野県,2169,35.61277778,137.7375
しゃくじょうだけ,錫杖岳,岐阜県,2168,36.28194444,137.5472222
くろいわやま,黒岩山,栃木県 群馬県,2163,36.90888889,139.3936111
しらねさん,白根山,群馬県,2160,36.64388889,138.5277778
ほたかやま,武尊山,群馬県,2158,36.80527778,139.1325
なえばさん,苗場山,新潟県 長野県,2145,36.84583333,138.6902778
すかいさん,皇海山,栃木県 群馬県,2144,36.69,139.3369444
とむらうしやま,トムラウシ山,北海道,2141,43.52722222,142.8488889
きぬぬまやま,鬼怒沼山,栃木県 群馬県,2141,36.88277778,139.3716667
ひらがたけ,平ヶ岳,群馬県 新潟県,2141,37.00194444,139.1708333
しらすなやま,白砂山,群馬県 長野県,2140,36.73805556,138.6936111
こまがたけ,駒ヶ岳,福島県,2133,37.0475,139.3536111
だいにちだけ,大日岳,新潟県,2128,37.83277778,139.6602778
かまがみね,鎌ヶ峰,長野県 岐阜県,2121,36.02666667,137.5991667
たいせつざん<あいべつだけ>,大雪山<愛別岳>,北海道,2113,43.70777778,142.8572222
おぐらさん,御座山,長野県,2112,36.03388889,138.6066667
からまつおやま,唐松尾山,埼玉県 山梨県,2109,35.86777778,138.8452778
いいでさん,飯豊山,福島県,2105,37.85472222,139.7072222
ゆのまるやま,湯ノ丸山,長野県 群馬県,2101,36.43472222,138.4011111
くわさきやま,鍬崎山,富山県,2090,36.54,137.4780556
なかのだけ,中ノ岳,新潟県,2085,37.08527778,139.0775
とかちだけ,十勝岳,北海道,2077,43.41777778,142.6863889
おおぼらやま（ひりゅうやま）,大洞山（飛龍山）,埼玉県 山梨県,2077,35.84,138.8922222
かさがたけ,笠ヶ岳,長野県,2076,36.67666667,138.4813889
くろぼうしがたけ,黒法師岳,静岡県,2068,35.19611111,138.0294444
てらしやま,輝山,岐阜県,2063,36.19416667,137.5222222
たいしゃくざん,帝釈山,福島県 栃木県,2060,36.96972222,139.46
さんぽうくずれやま,三方崩山,岐阜県,2059,36.17888889,136.8602778
だいぼさつれい,大菩薩嶺,山梨県,2057,35.74888889,138.8455556
くろひめやま,黒姫山,長野県,2053,36.81333333,138.1272222
はくさんしゃかだけ,白山釈迦岳,石川県,2053,36.15222222,136.7355556
びえいだけ,美瑛岳,北海道,2052,43.44,142.7066667
ぽろしりだけ,幌尻岳,北海道,2052,42.71944444,142.6827778
くしがたやま,櫛形山,山梨県,2052,35.58666667,138.3691667
いわてさん,岩手山,岩手県,2038,39.8525,141.0011111
とりかぶとやま,鳥甲山,長野県,2038,36.83916667,138.5838889
しがやま,志賀山,長野県,2037,36.70027778,138.5158333
はくせきさん,白石山,埼玉県,2036,35.89944444,138.8780556
にしあづまやま,西吾妻山,福島県 山形県,2035,37.73833333,140.1408333
うつくしがはら<おうがとう>,美ヶ原<王ヶ頭>,長野県,2034,36.22583333,138.1075
けんとくさん,乾徳山,山梨県,2031,35.82305556,138.715
せんのくらやま,仙ノ倉山,群馬県 新潟県,2026,36.8175,138.8394444
きたまただけ,北股岳,新潟県 山形県,2025,37.88,139.6386111
くもとりやま,雲取山,埼玉県 東京都,2017,35.85555556,138.9438889
こがねざわやま,小金沢山,山梨県,2014,35.71694444,138.8566667
おぷたてしけやま,オプタテシケ山,北海道,2013,43.47027778,142.7516667
にぺそつやま,ニペソツ山,北海道,2013,43.45583333,143.0322222
やんぶし,山伏,山梨県 静岡県,2013,35.30444444,138.2852778
けいづるやま,景鶴山,群馬県 新潟県,2004,36.95694444,139.2105556
こまがたけ,駒ヶ岳,新潟県,2003,37.12361111,139.0752778
しちめんざん,七面山,山梨県,1989,35.36944444,138.3488889
たいせつざん<くろだけ>,大雪山<黒岳>,北海道,1984,43.6975,142.9202778
がっさん,月山,山形県,1984,38.54888889,140.0269444
にしあづまやま<にしだいてん>,西吾妻山<西大巓>,山形県 福島県,1982,37.73388889,140.1277778
こひでやま,小秀山,長野県 岐阜県,1982,35.78555556,137.3969444
いしづちさん<てんぐだけ>,石鎚山<天狗岳>,愛媛県,1982,33.76777778,133.115
かむいえくうちかうしやま,カムイエクウチカウシ山,北海道,1979,42.625,142.7663889
たにがわだけ<しげくらだけ>,谷川岳<茂倉岳>,群馬県 新潟県,1978,36.84916667,138.9166667
たにがわだけ<おきのみみ>,谷川岳<オキノ耳>,群馬県 新潟県,1977,36.83722222,138.93
ひがしあづまやま,東吾妻山,福島県,1975,37.71166667,140.2302778
たにがわだけ<いちのくらだけ>,谷川岳<一ノ倉岳>,群馬県 新潟県,1974,36.84722222,138.9244444
たしろやま,田代山,福島県,1971,36.97444444,139.4783333
あらさわだけ,荒沢岳,新潟県,1969,37.10055556,139.1480556
いしかりだけ,石狩岳,北海道,1967,43.54666667,143.0222222
まきはたやま,巻機山,群馬県 新潟県,1967,36.97861111,138.9641667
けなしやま,毛無山,山梨県 静岡県,1964,35.41583333,138.5438889
ちゅうべつだけ,忠別岳,北海道,1963,43.59111111,142.8944444
あまかざりやま,雨飾山,新潟県 長野県,1963,36.90194444,137.9625
けさまるやま,袈裟丸山,栃木県 群馬県,1961,36.64944444,139.3272222
とったべつだけ,戸蔦別岳,北海道,1959,42.73861111,142.695
にゅうがさやま,入笠山,長野県,1955,35.89638889,138.1716667
つるぎさん,剣山,徳島県,1955,33.85361111,134.0941667
まんたろうさん,万太郎山,群馬県 新潟県,1954,36.82416667,138.8791667
ひがしあづまやま<いっさいきょうざん>,東吾妻山<一切経山>,福島県,1949,37.73527778,140.2444444
あさひだけ,朝日岳,群馬県,1945,36.88055556,138.9725
みやのうらだけ,宮之浦岳,鹿児島県,1936,30.33611111,130.5041667
おとふけやま,音更山,北海道,1932,43.56166667,143.0352778
にのもり,二ノ森,愛媛県,1930,33.75861111,133.0938889
はちぶせやま,鉢伏山,長野県,1929,36.16305556,138.0591667
にしあづまやま<ひがしだいてん>,西吾妻山<東大巓>,福島県 山形県,1928,37.75444444,140.1888889
しもつごうやま,下津川山,新潟県 群馬県,1928,36.99472222,139.05
きりがみね<くるまやま>,霧ヶ峰<車山>,長野県,1925,36.10305556,138.1966667
かみほろかめっとくやま,上ホロカメットク山,北海道,1920,43.405,142.6716667
はやちねさん,早池峰山,岩手県,1917,39.55861111,141.4886111
さんぼんやりだけ,三本槍岳,福島県 栃木県,1917,37.15027778,139.9613889
いいづなやま（いいづなやま）,飯縄山（飯綱山）,長野県,1917,36.73944444,138.1336111
ぴぱいろだけ,ピパイロ岳,北海道,1916,42.77305556,142.7275
なすだけ<ちゃうすだけ>,那須岳<茶臼岳>,栃木県,1915,37.12472222,139.9630556
はっきょうがだけ,八経ヶ岳,奈良県,1915,34.17361111,135.9075
ふらのだけ,富良野岳,北海道,1912,43.39361111,142.635
おおさびやま,大佐飛山,栃木県,1908,37.06361111,139.8444444
とがくしやま,戸隠山,長野県,1904,36.77027778,138.055
えさおまんとったべつだけ,エサオマントッタベツ岳,北海道,1902,42.68916667,142.7577778
ようていざん（えぞふじ）,羊蹄山（蝦夷富士）,北海道,1898,42.82666667,140.8113889
かめがもり,瓶ヶ森,愛媛県,1897,33.79472222,133.1933333
さつないだけ,札内岳,北海道,1895,42.69388889,142.7966667
みせん,弥山,奈良県,1895,34.18,135.9094444
みうね,三嶺,徳島県 高知県,1894,33.83944444,133.9877778
こうしんざん,庚申山,栃木県,1892,36.67305556,139.3611111
きめんざん,鬼面山,長野県,1890,35.49194444,137.9902778
かざふきだけ,風吹岳,長野県,1888,36.81416667,137.8388889
ながただけ,永田岳,鹿児島県,1886,30.34277778,130.4925
にせいかうしゅっぺやま,ニセイカウシュッペ山,北海道,1883,43.78,142.9852778
ちろろだけ,チロロ岳,北海道,1880,42.82555556,142.6752778
むりいだけ,武利岳,北海道,1876,43.73305556,143.1763889
さるがばばやま,猿ヶ馬場山,岐阜県,1875,36.22583333,136.9427778
がんがはらすりやま,雁ケ腹摺山,山梨県,1874,35.68694444,138.885
あさひだけ<おおあさひだけ>,朝日岳<大朝日岳>,山形県,1871,38.26055556,139.9222222
ささがみね,笹ヶ峰,愛媛県 高知県,1860,33.82805556,133.2747222
つつじょうざん,筒上山,愛媛県 高知県,1860,33.73194444,133.1611111
そうがだけ,僧ヶ岳,富山県,1855,36.76166667,137.5636111
しらくらやま,白倉山,長野県 静岡県,1851,35.30166667,137.9922222
やはずさん,矢筈山,徳島県,1849,33.925,133.975
うぺぺさんけやま,ウペペサンケ山,北海道,1848,43.38944444,143.0819444
とかちぽろしりだけ,十勝幌尻岳,北海道,1846,42.69555556,142.8594444
いっぱさんきゅうほう,１８３９峰,北海道,1842,42.53944444,142.8080556
ざおうざん（ざおうさん）<くまのだけ>,蔵王山<熊野岳>,山形県,1841,38.14361111,140.44
おいずるがだけ,笈ヶ岳,富山県 石川県 岐阜県,1841,36.29861111,136.7922222
あかぎさん<くろびさん>,赤城山<黒檜山>,群馬県,1828,36.56027778,139.1933333
ざおうざん（ざおうさん）<びょうぶだけ>,蔵王山<>,宮城県,1825,38.09583333,140.4761111
おおがさやま,大笠山,富山県 石川県,1822,36.32055556,136.7897222
まるやまだけ,丸山岳,福島県,1820,37.17277778,139.3347222
よこおやま,横尾山,山梨県 長野県,1818,35.91888889,138.5211111
ばんだいさん,磐梯山,福島県,1816,37.60111111,140.0722222
ごぜんだけ,御前岳,岐阜県,1816,36.19805556,136.9602778
てんぐづか,天狗塚,徳島県,1812,33.82694444,133.9433333
おくさんがいだけ,奥三界岳,岐阜県 長野県,1811,35.68166667,137.5072222
ぶっしょうがだけ,仏生嶽,奈良県,1805,34.13444444,135.9130556
しゃかがだけ,釈迦ヶ岳,奈良県,1800,34.11444444,135.9030556
たかはらやま<しゃかがだけ>,高原山<釈迦ヶ岳>,栃木県,1795,36.9,139.7766667
くろたけ,黒岳,山梨県,1793,35.55194444,138.7494444
くじゅうれんざん<なかだけ>,くじゅう連山<中岳>,大.県,1791,33.08583333,131.2488889
くじゅうれんざん<くじゅうさん>,くじゅう連山<久住山>,大.県,1787,33.08222222,131.2408333
くじゅうれんざん<たいせんざん>,くじゅう連山<大船山>,大.県,1786,33.095,131.2805556
みつとうげやま,三ッ峠山,山梨県,1785,35.54916667,138.8091667
だいふげんだけ,大普賢岳,奈良県,1780,34.22777778,135.9627778
はっかいさん<にゅうどうだけ>,八海山<入道岳>,新潟県,1778,37.10388889,139.0247222
おがたけ,男鹿岳,福島県 栃木県,1777,37.08527778,139.8219444
いとうだけ,以東岳,山形県 新潟県,1772,38.34305556,139.8491667
しらがやま,白髪山,高知県,1770,33.81,133.9930556
みつがつじやま,三ヶ辻山,岐阜県,1764,36.33805556,136.95
くじゅうれんざん<ほっしょうざん>,くじゅう連山<星生山>,大.県,1762,33.09083333,131.2325
むかやま,武華山,北海道,1759,43.70583333,143.1605556
ざおうざん（ざおうさん）<かっただけ>,蔵王山<刈田岳>,宮城県,1758,38.12777778,140.4480556
あさまかくしやま,浅間隠山,群馬県,1757,36.45361111,138.6525
いよふじ,伊予富士,愛媛県 高知県,1756,33.78805556,133.2480556
そぼさん,祖母山,大.県 宮崎県,1756,32.82805556,131.3469444
めむろだけ,芽室岳,北海道,1754,42.86888889,142.7852778
いどんなっぷだけ,イドンナップ岳,北海道,1752,42.63027778,142.6486111
くじゅうれんざん<みまたやま>,くじゅう連山<三俣山>,大.県,1744,33.10388889,131.2463889
くにみだけ,国見岳,熊本県 宮崎県,1739,32.54722222,131.0183333
ぺてがりだけ,ペテガリ岳,北海道,1736,42.49944444,142.8711111
せっとうがたけ,節刀ヶ岳,山梨県,1736,35.52861111,138.6833333
さんぽういわだけ,三方岩岳,石川県 岐阜県,1736,36.25805556,136.8444444
だいせん<けんがみね>,大山<剣ヶ峰>,鳥取県,1729,35.37111111,133.5461111
みのわやま,箕輪山,福島県,1728,37.64722222,140.2808333
あしべつだけ,芦別岳,北海道,1726,43.23583333,142.2836111
じゅうまいざん,十枚山,静岡県 山梨県,1726,35.25361111,138.3780556
にんぎょうやま,人形山,岐阜県 富山県,1726,36.34888889,136.9397222
りょうかみさん,両神山,埼玉県,1723,36.02333333,138.8413889
りしりざん（りしりふじ）,利尻山（利尻富士）,北海道,1721,45.17861111,141.2419444
いちふさやま,市房山,熊本県 宮崎県,1721,32.31166667,131.1011111
あさひだけ<しらがもん>,朝日岳<白毛門>,群馬県,1720,36.85972222,138.9672222
さんじょうがたけ,山上ヶ岳,奈良県,1719,34.2525,135.9411111
とりだにやま,酉谷山,埼玉県 東京都,1718,35.89722222,139.0102778
けいかんやま（くろかわやま）,鶏冠山（黒川山）,山梨県,1716,35.78861111,138.8358333
こならやま,小楢山,山梨県,1713,35.78166667,138.6641667
とうのまる,塔丸,徳島県,1713,33.86694444,134.0391667
つるぎさん<まるざさやま>,剣山<丸笹山>,徳島県,1712,33.87416667,134.09
ひがしあかいしやま,東赤石山,愛媛県,1710,33.87527778,133.3738889
あだたらやま<てつざん>,安達太良山<鉄山>,福島県,1709,37.63305556,140.2830556
だいにちがたけ,大日ヶ岳,岐阜県,1709,36.00138889,136.8377778
いしたてざん,石立山,徳島県 高知県,1708,33.78472222,134.055
ひがしあづまやま<あづまこふじ>,東吾妻山<吾妻小富士>,福島県,1707,37.72222222,140.2636111
ざおうざん（ざおうさん）<ふぼうさん（ごぜんだけ）>,蔵王山<不忘山（御前岳）>,宮城県,1705,38.07555556,140.4788889
かやがたけ,茅ヶ岳,山梨県,1704,35.795,138.5138889
あだたらやま,安達太良山,福島県,1700,37.62111111,140.2877778
きりしまやま<からくにだけ>,霧島山<韓国岳>,宮崎県 鹿児島県,1700,31.93416667,130.8616667
おおだいがはらざん<ひのでがたけ>,大台ヶ原山<日出ヶ岳>,奈良県 三重県,1695,34.18527778,136.1091667
がんきょうじやま,願教寺山,福井県 岐阜県,1691,36.05694444,136.7397222
むこうざかやま,向坂山,熊本県 宮崎県,1685,32.57972222,131.105
みしょうたいやま,御正体山,山梨県,1681,35.48694444,138.9316667
とくらやま（いなふじ）,戸倉山（伊那富士）,長野県,1681,35.745,138.0519444
なぎそだけ,南木曽岳,長野県,1679,35.5925,137.6441667
あかぎさん<じぞうだけ>,赤城山<地蔵岳>,群馬県,1674,36.54111111,139.1772222
のぶせがだけ,野伏ヶ岳,岐阜県 福井県,1674,36.01277778,136.7325
たんざわさん<ひるがたけ>,丹沢山<蛭ヶ岳>,神奈川県,1673,35.48638889,139.1388889
わしがたけ,鷲ヶ岳,岐阜県,1671,35.94027778,136.9713889
ゆうばりだけ,夕張岳,北海道,1668,43.09972222,142.2511111
らうすだけ,羅臼岳,北海道,1661,44.07583333,145.1222222
はなまがりやま,鼻曲山,群馬県,1655,36.41083333,138.6455556
くまぶしやま,熊伏山,長野県,1654,35.26333333,137.895
もりやさん,守屋山,長野県,1651,35.9675,138.0933333
こんごうどうざん,金剛堂山,富山県,1650,36.37888889,137.0488889
かみふくねやま,上福根山,熊本県,1646,32.47333333,130.9469444
やくしだけ,薬師岳,岩手県,1645,39.53,141.4958333
おおくえやま,大崩山,宮崎県,1644,32.73777778,131.5130556
くろたけ<しゃかがたけ>,黒岳<釈迦ヶ岳>,山梨県,1641,35.56305556,138.7202778
こまがたけ<おなめだけ>,駒ヶ岳<男女岳>,秋田県,1637,39.76111111,140.7994444
えぶりさしだけ,,新潟県,1636,37.9425,139.6088889
ななつがたけ<いちばんだけ>,七ヶ岳<一番岳>,福島県,1636,37.12416667,139.6575
にしくまねしりだけ,西クマネシリ岳,北海道,1635,43.51916667,143.2333333
ふるそぼさん,古祖母山,大.県 宮崎県,1633,32.80277778,131.3644444
ぴりかぬぷり,ピリカヌプリ,北海道,1631,42.40222222,142.9666667
のこぎりだけ,鋸岳,新潟県,1631,36.93194444,137.9688889
あかうさぎやま,赤兎山,福井県 石川県,1629,36.0675,136.6619444
そばつぶやま,蕎麦粒山,静岡県,1627,35.12611111,138.0352778
くりこまやま,栗駒山,岩手県 宮城県,1626,38.96083333,140.7883333
いわきさん,岩木山,青森県,1625,40.65583333,140.3030556
かおれだけ,川上岳,岐阜県,1625,36.00833333,137.1494444
きょうがだけ,経ヶ岳,福井県,1625,36.04638889,136.6219444
あさひだけ,朝日岳,福島県,1624,37.22111111,139.3397222
たかつかやま,高塚山,静岡県,1621,35.11555556,138.0036111
のうごうはくさん（ごんげんさん）,能郷白山（権現山）,岐阜県,1617,35.7625,136.5141667
はちまんたい,八幡平,岩手県,1613,39.95777778,140.8541667
えしろやま（つのだけ）,江代山（津野岳）,熊本県 宮崎県,1607,32.37055556,131.0761111
かたむきやま,傾山,大.県,1605,32.83888889,131.4758333
かむいだけ,神威岳,北海道,1600,42.42833333,142.9069444
だいげんたさん,大源太山,新潟県,1598,36.9025,138.9269444
しらきみね,白木峰,富山県 岐阜県,1596,36.41555556,137.1122222
いいもりさん,飯森山,山形県 福島県,1595,37.81388889,139.9255556
いぬがだけ,犬ヶ岳,新潟県 富山県,1592,36.90694444,137.7155556
あそさん<たかだけ>,阿蘇山<高岳>,熊本県,1592,32.88444444,131.1038889
おおむろやま,大室山,神奈川県 山梨県,1587,35.51083333,139.0686111
くじゅうれんざん<くろだけ>,くじゅう連山<黒岳>,大.県,1587,33.10555556,131.2927778
はっこうださん<おおだけ>,八甲田山<大岳>,青森県,1585,40.65888889,140.8772222
あさくさだけ,浅草岳,新潟県 福島県,1585,37.34361111,139.2336111
ゆふだけ（ぶんごふじ）,由布岳（豊後富士）,大.県,1583,33.28222222,131.3902778
あらかいざん（たろうだけ）,荒海山（太郎岳）,福島県 栃木県,1581,37.03611111,139.6436111
はちまんたい<ちゃうすだけ>,八幡平<茶臼岳>,岩手県,1578,39.95083333,140.8988889
はちまんたい<もっこだけ>,八幡平<畚岳>,秋田県,1578,39.93583333,140.8505556
きりしまやま<たかちほのみね>,霧島山<高千穂峰>,宮崎県,1574,31.88638889,130.9188889
だいもんざん,大門山,富山県 石川県,1572,36.36527778,136.8036111
たんざわさん,丹沢山,神奈川県,1567,35.47416667,139.1627778
さしるいだけ,サシルイ岳,北海道,1564,44.09527778,145.1436111
いおうざん,硫黄山,北海道,1562,44.13333333,145.1613889
かさとりやま,笠取山,愛媛県,1562,33.55555556,132.9225
はっこうださん<たかだおおだけ>,八甲田山<高田大岳>,青森県,1559,40.65305556,140.9072222
てしおだけ,天塩岳,北海道,1558,43.96444444,142.8880556
みじょうがたけ,未丈ヶ岳,新潟県,1553,37.18333333,139.1894444
しゃりだけ,斜里岳,北海道,1547,43.76555556,144.7177778
やけいしだけ,焼石岳,岩手県,1547,39.16361111,140.8288889
いしどうやま,石堂山,宮崎県,1547,32.30027778,131.1677778
ちえんべつだけ,知円別岳,北海道,1544,44.12472222,145.1686111
みくにやま,三国山,北海道,1541,43.59527778,143.1463889
おおふかだけ,大深岳,岩手県 秋田県,1541,39.88111111,140.8797222
なかつさん（みょうじんさん）,中津山（明神山）,愛媛県 高知県,1541,33.57555556,133.0466667
すもんだけ,守門岳,新潟県,1537,37.39777778,139.1366667
かざこしやま（ごんげんやま）,風越山（権現山）,長野県,1535,35.54944444,137.7838889
みとうさん,三頭山,東京都,1531,35.73916667,139.0138889
くらいやま,位山,岐阜県,1529,36.03833333,137.1966667
あかぐなやま,赤久縄山,群馬県,1523,36.14361111,138.8433333
あらしまだけ,荒島岳,福井県,1523,35.93416667,136.6013889
かりばやま,狩場山,北海道,1520,42.61333333,139.9405556
なかのだけ,中ノ岳,北海道,1519,42.46805556,142.8844444
くしがみね（かみだけ）,櫛ヶ峯（上岳）,青森県,1517,40.60305556,140.8425
けもうやま,毛猛山,福島県 新潟県,1517,37.25666667,139.1752778
くいしやま,工石山,高知県,1516,33.85555556,133.58
ひょうのせん（すがのせん）,氷ノ山（須賀ノ山）,兵庫県 鳥取県,1510,35.35388889,134.5138889
いなむらやま,稲叢山,高知県,1506,33.74694444,133.3591667
あそさん<なかだけ>,阿蘇山<中岳>,熊本県,1506,32.88361111,131.0969444
あしたかやま<えちぜんだけ>,愛鷹山<越前岳>,静岡県,1504,35.23805556,138.7938889
ふながたやま（ごしょざん）,船形山（御所山）,宮城県 山形県,1500,38.45555556,140.62
わいたざん,涌蓋山,大.県,1500,33.14,131.1644444
めあかんだけ,雌阿寒岳,北海道,1499,43.38638889,144.0086111
こまがたけ,駒ヶ岳,新潟県,1498,36.94277778,137.9483333
くもそうやま,雲早山,徳島県,1496,33.90583333,134.2947222
しょかんべつだけ,暑寒別岳,北海道,1492,43.71583333,141.5230556
たんざわさん<とうのだけ(とうがたけ)>,丹沢山<塔ノ岳（塔ヶ岳）>,神奈川県,1491,35.45416667,139.1633333
よいちだけ,余市岳,北海道,1488,43.03277778,141.0197222
うんぜんだけ<へいせいしんざん>,雲仙岳<平成新山>,長崎県,1483,32.76138889,130.2988889
はかせやま,博士山,福島県,1482,37.36305556,139.7147222
えぼしだけ（にゅうとうざん）,烏帽子岳（乳頭山）,岩手県 秋田県,1478,39.805,140.8386111
めあかんだけ<あかんふじ>,雌阿寒岳<阿寒富士>,北海道,1476,43.37416667,144.0063889
らっこだけ,楽古岳,北海道,1471,42.2725,143.1111111
きょうまるやま,京丸山,静岡県,1470,35.09611111,137.9658333
しらがやま,白髪山,高知県,1469,33.81611111,133.5908333
むいねやま,無意根山,北海道,1464,42.93083333,141.0405556
へこさん,部子山,福井県,1464,35.88611111,136.4391667
はやま,葉山,山形県,1462,38.52916667,140.2105556
いしずみさん,石墨山,愛媛県,1456,33.73388889,132.9847222
もりよしざん,森吉山,秋田県,1454,39.97666667,140.5441667
うばがたけ,姥ヶ岳,福井県,1454,35.80944444,136.5058333
あかぼしやま,赤星山,愛媛県,1453,33.91944444,133.4580556
はるなさん<かもんがたけ>,榛名山<掃部ヶ岳>,群馬県,1449,36.4775,138.8508333
からすがせん,烏ヶ山,鳥取県,1448,35.35583333,133.5702778
ひじりやま,聖山,長野県,1447,36.48416667,138.0213889
なかつざん,中津山,徳島県,1447,33.92472222,133.8441667
ちとかにうしやま,チトカニウシ山,北海道,1446,43.90666667,143.0486111
たかさぶろうやま,高三郎山,石川県,1445,36.37111111,136.7736111
へいけがだけ,平家岳,福井県,1442,35.81,136.7188889
わがだけ,和賀岳,岩手県 秋田県,1439,39.57027778,140.7541667
はこねやま<かみやま>,箱根山<神山>,神奈川県,1438,35.23333333,139.0208333
とらげさん,虎毛山,秋田県,1433,38.90472222,140.6188889
あそさん<ねこだけ>,阿蘇山<根子岳（猫岳）>,熊本県,1433,32.88361111,131.1444444
あらふねやま,荒船山,群馬県 長野県,1423,36.20388889,138.6372222
じんきちもり,甚吉森,徳島県 高知県,1423,33.69472222,134.11
きりしまやま<しんもえだけ>,霧島山<新燃岳>,宮崎県 鹿児島県,1421,31.90944444,130.8863889
にのうじだけ,二王子岳,新潟県,1420,37.89972222,139.4991667
うなべつだけ,海別岳,北海道,1419,43.87694444,144.8766667
くにみやま,国見山,三重県 奈良県,1419,34.37583333,136.0866667
いわいがめやま,祝瓶山,山形県,1417,38.1975,139.8797222
しらがだけ,白髪岳,熊本県,1417,32.15027778,130.9433333
ちゃうすやま,茶臼山,長野県 愛知県,1416,35.2275,137.6555556
くにみざん,国見山,徳島県,1409,33.9075,133.7847222
あまぎさん<ばんざぶろうだけ>,天城山<万三郎岳>,静岡県,1406,34.86277778,139.0016667
おすずやま,尾鈴山,宮崎県,1405,32.29916667,131.4266667
かじがもり,梶ヶ森,高知県,1400,33.75916667,133.7513889
いけごややま,池木屋山,三重県 奈良県,1396,34.31611111,136.1294444
しのいさん,篠井山,山梨県,1394,35.24777778,138.4263889
とうせん,東山,鳥取県,1388,35.29222222,134.3830556
みかぐらだけ,御神楽岳,新潟県,1386,37.52194444,139.4258333
おのだけ,小野岳,福島県,1383,37.32583333,139.8866667
まだらおやま,斑尾山,長野県,1382,36.8375,138.2744444
こもつるしやま,菰釣山,神奈川県 山梨県,1379,35.46388889,138.9786111
むしくらやま,虫倉山,長野県,1378,36.64972222,138.0191667
しらひげだけ,白鬚岳,奈良県,1378,34.29305556,136.0469444
いぶきやま,伊吹山,滋賀県,1377,35.41777778,136.4063889
くんべつだけ,群別岳,北海道,1376,43.68472222,141.4877778
ねはんだけ,涅槃岳,奈良県,1376,34.05833333,135.8969444
つるみだけ,鶴見岳,大.県,1375,33.28666667,131.4297222
よこねやま,横根山,栃木県,1373,36.61972222,139.5222222
ごまだんざん,護摩壇山,奈良県 和歌山県,1372,34.0575,135.5669444
おあかんだけ,雄阿寒岳,北海道,1370,43.45416667,144.1647222
だいにちざん,大日山,石川県,1368,36.16194444,136.4930556
やけやま,焼山,秋田県,1366,39.96388889,140.7569444
あおまつばやま,青松葉山,岩手県,1365,39.6975,141.4836111
かむろさん,神室山,秋田県 山形県,1365,38.90222222,140.4922222
だいとうだけ,大東岳,宮城県,1365,38.30222222,140.5236111
かわのりやま,川乗山,東京都,1363,35.85083333,139.1069444
うんぜんだけ<ふげんだけ>,雲仙岳<普賢岳>,長崎県,1359,32.76,130.2922222
みむろやま,三室山,兵庫県 鳥取県,1358,35.23666667,134.4627778
やはずがせん,矢筈ヶ山,鳥取県,1358,35.38666667,133.5808333
びょうぶざん,,福井県 岐阜県,1354,35.79694444,136.6266667
かさすてやま,笠捨山,奈良県,1353,33.98277778,135.8983333
ごようざん,五葉山,岩手県,1351,39.20527778,141.7322222
こうしゃさん（たかいふじ）,高社山（高井富士）,長野県,1351,36.79916667,138.4038889
たかまつだけ,高松岳,秋田県,1348,38.9675,140.6063889
おそらかんざん,恐羅漢山,島根県 広島県,1346,34.59555556,132.1297222
しょこつだけ,渚滑岳,北海道,1345,44.04027778,142.9175
おばこだけ,伯母子岳,奈良県,1344,34.0775,135.6508333
うしろやま,後山,岡山県 兵庫県,1344,35.18694444,134.4111111
もろつかやま,諸塚山,宮崎県,1342,32.63472222,131.2875
あづまやさん,吾妻耶山,群馬県,1341,36.74638889,138.9272222
かんむりやま,冠山,広島県,1339,34.46861111,132.0761111
じゃくちさん,寂地山,山口県 島根県,1337,34.46722222,132.0544444
あそさん<えぼしだけ>,阿蘇山<烏帽子岳>,熊本県,1337,32.87361111,131.0580556
おおあまみやま,大雨見山,岐阜県,1336,36.25333333,137.2986111
いらずやま,不入山,高知県,1336,33.44083333,133.0630556
ふらのにしだけ,富良野西岳,北海道,1331,43.30916667,142.3116667
おんねべつだけ,遠音別岳,北海道,1330,43.99333333,145.0133333
てんしがたけ,天子ヶ岳,静岡県,1330,35.32916667,138.5366667
じっぽうざん,十方山,広島県,1328,34.56527778,132.1422222
あそさん<きしまだけ>,阿蘇山<杵島岳>,熊本県,1326,32.8925,131.0580556
ほろほろやま,ホロホロ山,北海道,1322,42.63361111,141.1425
えにわだけ,恵庭岳,北海道,1320,42.79333333,141.2852778
さかいのかみだけ,堺ノ神岳,岩手県,1319,39.75027778,141.6263889
おきのやま,沖ノ山,鳥取県,1318,35.24805556,134.3566667
かなくそだけ,金糞岳,岐阜県 滋賀県,1317,35.55,136.3372222
ほこがたけ,鉾ヶ岳,新潟県,1316,37.02861111,138.0263889
きとうしやま,喜登牛山,北海道,1312,43.44777778,143.4563889
ごんげんやま,権現山,山梨県,1312,35.66777778,139.0213889
やつらやま,八面山,徳島県,1312,33.92333333,134.0997222
おうぎのせん,扇ノ山,鳥取県,1310,35.43972222,134.4408333
まよいだけ,迷岳,三重県,1309,34.35,136.2075
にせこあんぬぷり,ニセコアンヌプリ,北海道,1308,42.875,140.6588889
がいたかもり,害鷹森,岩手県,1304,39.71166667,141.6044444
ぶこうさん,武甲山,埼玉県,1304,35.95166667,139.0977778
のけえぼしやま,仰烏帽子山,熊本県,1302,32.37138889,130.7777778
ひばやま<たてえぼしやま>,比婆山<立烏帽子山>,広島県,1299,35.05166667,133.0655556
よべつだけ,余別岳,北海道,1298,43.26,140.4591667
こもちやま,子持山,群馬県,1296,36.59194444,138.9977778
てんぐもり,天狗森,高知県,1296,33.61888889,134.0677778
さっぽろだけ,札幌岳,北海道,1293,42.90027778,141.2005556
ろっこうしさん,六角牛山,岩手県,1293,39.31833333,141.6502778
あわがたけ,粟ヶ岳,新潟県,1293,37.55527778,139.1886111
さんしゅうがたけ,三周ヶ岳,岐阜県,1292,35.68361111,136.3
きたみふじ,北見富士,北海道,1291,43.69361111,143.2958333
みかぼやま<にしみかぼやま>,御荷鉾山<西御荷鉾山>,群馬県,1287,36.15222222,138.9183333
ゆうらっぷだけ（けんいちだけ）,遊楽部岳（見市岳）,北海道,1277,42.21916667,140.0105556
どうごやま,道後山,広島県 鳥取県,1271,35.06944444,133.2327778
くちさんぼうだけ,口三方岳,石川県,1269,36.37333333,136.7155556
さるまさやま,猿政山,島根県 広島県,1268,35.08138889,132.9677778
おおだけさん,大岳山,東京都,1266,35.76527778,139.1302778
あぞうじやま,安蔵寺山,島根県,1263,34.47722222,131.9672222
とおしまやま,遠島山,岩手県,1262,40.02055556,141.6441667
ひやみずやま,冷水山,奈良県,1262,33.89916667,135.6527778
かむろだけ（こかぶらやま）,禿岳（小鏑山）,山形県 宮城県,1261,38.81083333,140.595
やはずだけ,矢筈岳,新潟県,1257,37.5125,139.2661111
かんむりやま,冠山,福井県 岐阜県,1257,35.77972222,136.4094444
なぎさん,那岐山,鳥取県 岡山県,1255,35.17166667,134.1802778
しれとこだけ,知床岳,北海道,1254,44.23583333,145.2738889
ひがしぬぷかうしぬぷり,東ヌプカウシヌプリ,北海道,1252,43.24583333,143.1022222
おおやま,大山,神奈川県,1252,35.44083333,139.2313889
かむりきやま（おばすてやま）,冠着山（姨捨山）,長野県,1252,36.46888889,138.1066667
そらぬまだけ,空沼岳,北海道,1251,42.865,141.2536111
むかいしらかみだけ,向白神岳,青森県,1250,40.52388889,140.0455556
たかみやま,高見山,三重県 奈良県,1248,34.42861111,136.0883333
おいけだけ,御池岳,滋賀県,1247,35.17861111,136.415
はなちがせん,花知ヶ仙,岡山県,1247,35.25944444,133.975
とまむさん,トマム山,北海道,1239,43.07861111,142.5961111
あっかもり,安家森,岩手県,1239,40.03805556,141.5411111
ひうちだけ,火打岳,山形県,1238,38.84027778,140.4486111
あまごいだけ,雨乞岳,滋賀県,1238,35.02111111,136.3841667
たかくまやま<おおのがらだけ>,高隈山<大箆柄岳>,鹿児島県,1236,31.48611111,130.8186111
しらかみだけ,白神岳,青森県,1235,40.5075,140.0183333
みうねやま,三峰山,三重県 奈良県,1235,34.44861111,136.2063889
ひがしさんぽうがもり,東三方ヶ森,愛媛県,1233,33.90277778,132.9597222
しゃかだけ,釈迦岳,大.県,1231,33.1875,130.8891667
ひがしみくにやま,東三国山,北海道,1230,43.50833333,143.4636111
とうげのかみやま,峠ノ神山,岩手県,1229,39.72694444,141.7811111
たかつきやま,高月山,愛媛県,1229,33.20861111,132.6347222
さんぼんぐい,三本杭,愛媛県,1226,33.18833333,132.6352778
ひばやま<えぼしやま>,比婆山<烏帽子山>,広島県 島根県,1225,35.07,133.0522222
こうがさん,高賀山,岐阜県,1224,35.67194444,136.8591667
ふたつもりやま,二ッ森山,岐阜県,1223,35.57194444,137.4002778
がりゅうざん,臥龍山,広島県,1223,34.69,132.1966667
はちぶせやま,鉢伏山,兵庫県,1222,35.39527778,134.5363889
くろひめやま,黒姫山,新潟県,1221,36.97666667,137.79
めくんないだけ,目国内岳,北海道,1220,42.89972222,140.5152778
けなしがせん,毛無山,鳥取県 岡山県,1219,35.23555556,133.5147222
おおよろぎやま,大万木山,島根県 広島県,1218,35.0875,132.8544444
あさやま,阿佐山,島根県 広島県,1218,34.78583333,132.3813889
くりこやま,栗子山,福島県 山形県,1217,37.87444444,140.27
ぶながだけ,武奈ヶ岳,滋賀県,1214,35.26472222,135.8969444
はこねやま<きんときざん>,箱根山<金時山>,静岡県 神奈川県,1212,35.28972222,139.005
ございしょやま,御在所山,滋賀県 三重県,1212,35.02055556,136.4177778
らいでんやま,雷電山,北海道,1211,42.90361111,140.4697222
うしまわしやま,牛廻山,奈良県 和歌山県,1207,33.94888889,135.6313889
つるぎやま,剣山,北海道,1205,42.84861111,142.885
たかはちやま,高鉢山,鳥取県,1203,35.36027778,134.0511111
ひるぜん<かみひるぜん>,蒜山<上蒜山>,鳥取県 岡山県,1202,35.325,133.6633333
ひこさん,英彦山,福岡県 大.県,1199,33.47611111,130.9261111
おおたきねやま,大滝根山,福島県,1192,37.355,140.7016667
てんぐいしやま,天狗石山,島根県 広島県,1192,34.79222222,132.3427778
おおびらやま,大平山,北海道,1191,42.63583333,140.1355556
みょうじょうさん,明星山,新潟県,1188,36.94083333,137.8219444
はなみやま,花見山,鳥取県 岡山県,1188,35.1525,133.4011111
たかくまやま<おんたけ>,高隈山<御岳>,鹿児島県,1182,31.46027778,130.8205556
みすごだけ,三巣子岳,岩手県,1181,39.9,141.4855556
しゅてんどうじやま,酒呑童子山,大.県,1181,33.09694444,130.9083333
たしろだけ,田代岳,秋田県,1178,40.42861111,140.4088889
くいしやま,工石山,高知県,1177,33.66972222,133.5061111
いずみがたけ,泉ヶ岳,宮城県,1175,38.41194444,140.7088889
ほうらいさん,蓬莱山,滋賀県,1174,35.20944444,135.8858333
きんぽくさん,金北山,新潟県,1172,38.10388889,138.3497222
たいへいざん,太平山,秋田県,1170,39.79694444,140.3105556
よこつだけ,横津岳,北海道,1167,41.93777778,140.7713889
だいぶつだけ,大仏岳,秋田県,1167,39.81361111,140.5155556
ふたごやま,二子山,埼玉県,1166,36.06972222,138.8636111
こごろうさん,小五郎山,山口県,1162,34.41694444,132.0086111
へらいだけ<みつだけ>,戸来岳<三ッ岳>,青森県,1159,40.45305556,141.0013889
こまがたけ,駒ヶ岳,秋田県,1158,40.41277778,140.2511111
みのぶさん,身延山,山梨県,1153,35.3975,138.4163889
たかのすやま,鷹ノ巣山,愛知県,1153,35.1525,137.495
しんにゅうざん,深入山,広島県,1153,34.65,132.2066667
ひのとだけ,丁岳,秋田県 山形県,1146,39.03194444,140.2194444
たかしょうずやま,高清水山,富山県,1145,36.47722222,136.9427778
うぇんしりだけ,ウェンシリ岳,北海道,1142,44.22888889,142.8763889
せんつうざん,船通山,島根県 鳥取県,1142,35.15583333,133.1786111
はねやま,万年山,大.県,1140,33.23138889,131.1305556
みょうけんやま,妙見山,兵庫県,1139,35.41055556,134.6438889
ふじなしやま,藤無山,兵庫県,1139,35.26666667,134.6005556
ごんげんやま<おうぎやま>,権現山<扇山>,山梨県,1138,35.63722222,139.0138889
おしろやま,尾城山,岐阜県,1133,35.69583333,137.3438889
[たかどっきょう],[高ドッキョウ],山梨県 静岡県,1133,35.17861111,138.4380556
こうつざん,高越山,徳島県,1133,34.01722222,134.1958333
こまがたけ<けんがみね>,駒ヶ岳<剣ヶ峯>,北海道,1131,42.06333333,140.6772222
いぬがたけ,犬ヶ岳,大.県 福岡県,1131,33.51222222,131.0016667
はこだけ,函岳,北海道,1129,44.66583333,142.4122222
ひしがたけ,菱ヶ岳,新潟県,1129,37.03222222,138.4933333
こうようざん,高陽山,福島県 新潟県,1126,37.72916667,139.6497222
さんべさん<おさんべさん>,三瓶山<男三瓶山>,島根県,1126,35.14055556,132.6216667
かねがりゅうもり,鐘ヶ龍森,高知県,1126,33.54694444,134.0819444
こんごうざん,金剛山,奈良県,1125,34.41944444,135.6730556
ひめかみさん,姫神山,岩手県,1124,39.84416667,141.2469444
おおとうざん,大塔山,和歌山県,1122,33.72694444,135.7138889
ほうしやま,法師山,和歌山県,1121,33.72583333,135.6652778
つぐろせん,津黒山,岡山県,1118,35.25194444,133.815
わにつかやま,鰐塚山,宮崎県,1118,31.76888889,131.2694444
おんたけ（きただけ）,御岳（北岳）,鹿児島県,1117,31.5925,130.6566667
ごのみやだけ,五ノ宮嶽,秋田県,1115,40.14583333,140.8458333
おおくらやま,大倉山,鳥取県,1112,35.13361111,133.3552778
らかんざん,羅漢山,山口県,1109,34.35555556,132.0672222
しりべつだけ,尻別岳,北海道,1107,42.7725,140.9102778
とよにだけ,豊似岳,北海道,1105,42.07694444,143.2330556
みょうぎさん<そうまだけ>,妙義山<相馬岳>,群馬県,1104,36.29861111,138.7488889
だんがみね,段ヶ峰,兵庫県,1103,35.19166667,134.7275
ふっぷしだけ,風不死岳,北海道,1102,42.71694444,141.3588889
ぴんねしり,ピンネシリ,北海道,1100,43.49194444,141.7066667
りゅうがだけ,竜ヶ岳,滋賀県 三重県,1099,35.11944444,136.4452778
わっそうがたけ,鷲走ヶ岳,石川県,1097,36.26583333,136.6155556
りょうぜんざん,霊仙山,滋賀県,1094,35.27916667,136.3813889
わしがすやま,鷲ヶ巣山,新潟県,1093,38.22194444,139.6688889
ふたつもり,二ッ森,青森県 秋田県,1086,40.435,140.1177778
いなにわだけ,稲庭岳,岩手県,1078,40.19861111,141.0461111
たまきやま,玉置山,奈良県,1077,33.92666667,135.8316667
たらだけ<きょうがだけ>,多良岳<経ヶ岳>,佐賀県 長崎県,1076,32.9875,130.0763889
おきなさん,翁山,山形県,1075,38.65083333,140.5447222
そぶがたけ,蘇武岳,兵庫県,1074,35.47083333,134.6380556
だいせんげんだけ,大千軒岳,北海道,1072,41.57944444,140.1608333
おおさやま,大佐山,島根県 広島県,1069,34.74777778,132.2013889
いくしゅんべつだけ,幾春別岳,北海道,1068,43.22694444,142.1594444
しびさん（じょうぐさん）,紫尾山（上宮山）,鹿児島県,1067,31.98083333,130.3675
へいけがだけ,平家ヶ岳,島根県 山口県,1066,34.31833333,131.8997222
ささやま,篠山,愛媛県 高知県,1065,33.05583333,132.6591667
ななしぐれやま,七時雨山,岩手県,1063,40.06916667,141.1055556
しべつだけ,標津岳,北海道,1061,43.66805556,144.705
さほろだけ,佐幌岳,北海道,1060,43.17333333,142.7811111
りゅうおうざん,竜王山,徳島県 香川県,1060,34.11555556,134.0483333
まひるだけ,真昼岳,岩手県 秋田県,1059,39.44777778,140.6766667
ひやま（てんのうざん）,日山（天王山）,福島県,1057,37.54305556,140.6836111
たらだけ<ごかはらだけ>,多良岳<五家原岳>,長崎県,1057,32.95805556,130.0766667
せふりさん,脊振山,福岡県 佐賀県,1055,33.43638889,130.3686111
すずがもり,鈴ヶ森,高知県,1054,33.35638889,133.0511111
じょうほうじやま,浄法寺山,福井県,1053,36.125,136.3927778
りゅうそうざん,竜爪山,静岡県,1051,35.08833333,138.4036111
おおみねやま,大峯山,広島県,1050,34.41583333,132.2169444
てんざん,天山,佐賀県,1046,33.33888889,130.1427778
こんぶだけ,昆布岳,北海道,1045,42.71027778,140.6555556
たかみねさん,高峰山,三重県,1045,34.03194444,136.1472222
だいせんざん,大川山,徳島県 香川県,1043,34.11527778,133.9397222
たるまえさん,樽前山,北海道,1041,42.69055556,141.3766667
くろそやま,倶留尊山,三重県 奈良県,1037,34.53083333,136.1702778
すずのおおたにやま,鈴ノ大谷山,島根県,1036,34.37666667,131.8391667
しろじやま,白地山,秋田県,1034,40.44722222,140.7880556
ぴっしりざん,ピッシリ山,北海道,1032,44.35555556,142.0319444
ほしやま,星山,岡山県,1030,35.14194444,133.6772222
つぼねがだけ,局ヶ岳,三重県,1029,34.46055556,136.3269444
もくぞうやま,杢蔵山,山形県,1026,38.78944444,140.4013889
なかだけ,中岳,秋田県 岩手県,1024,40.24611111,140.9444444
ていねやま,手稲山,北海道,1023,43.07666667,141.1925
やみぞさん,八溝山,茨城県 福島県,1022,36.93027778,140.2730556
はったおまないだけ,ハッタオマナイ岳,北海道,1021,42.84694444,142.3130556
まやさん,摩耶山,山形県,1020,38.52027778,139.7277778
くにみやま,国見山,熊本県,1018,33.10555556,130.8175
おとべだけ,乙部岳,北海道,1017,42.03944444,140.2747222
ことびきさん（みせん）,琴引山（弥山）,島根県,1013,35.04805556,132.7825
さんとうさん,三頭山,北海道,1009,44.09166667,142.0858333
ぽんくとさん,本倶登山,北海道,1009,42.95527778,140.9125
せんがみね,千ヶ峰,兵庫県,1005,35.14472222,134.8838889
ほうぶつざん,宝仏山,鳥取県,1005,35.22972222,133.4702778
あざみがだけ,莇ヶ岳,山口県,1004,34.3325,131.7777778
もことやま,藻琴山,北海道,1000,43.70444444,144.3311111
[かぶやま]<おかぶやま>,[加無山]<男加無山>,山形県,997,39.00944444,140.2602778
ちょうくろうやま,長九郎山,静岡県,996,34.78833333,138.8680556
たらだけ,多良岳,佐賀県,996,32.97555556,130.0927778
ぬっきべつやま,貫気別山,北海道,994,42.71,140.9227778
しらたかやま,白鷹山,山形県,994,38.22277778,140.1730556
よねやま,米山,新潟県,993,37.28944444,138.4838889
とくさがみね,十種ヶ峰,山口県 島根県,989,34.43833333,131.6952778
ぴやしりやま,ピヤシリ山,北海道,987,44.43361111,142.5841667
うしだけ,牛岳,富山県,987,36.54111111,137.0316667
たかなわさん,高縄山,愛媛県,986,33.94583333,132.85
ばふんがだけ,馬糞ヶ岳,山口県,985,34.25055556,131.8963889
あらおだけ,荒雄岳,宮城県,984,38.83305556,140.6916667
だるまやま,達磨山,静岡県,982,34.955,138.8391667
こしきやま<おとここしきやま>,甑山<男甑山>,山形県,981,39.01194444,140.3105556
おんたけ,御岳,鹿児島県,979,29.85916667,129.8569444
うまみやま,馬見山,福岡県,978,33.48638889,130.7677778
みなこやま,皆子山,京都府 滋賀県,971,35.20222222,135.8352778
つぼがみやま,壺神山,愛媛県,971,33.60555556,132.5547222
くにみやま,国見山,熊本県,969,32.18777778,130.6141667
かまくらだけ,鎌倉岳,福島県,967,37.46694444,140.6888889
ほよしだけ,甫与志岳,鹿児島県,967,31.26416667,130.99
あわがやま,粟鹿山,兵庫県,962,35.27277778,134.9155556
かつらぎさん,葛城山,奈良県 大阪府,959,34.45611111,135.6822222
ななつだけ,七ッ岳,北海道,957,41.62416667,140.2141667
あまがだけ,尼ケ岳,三重県,957,34.5575,136.2197222
しらまやま,白馬山,和歌山県,957,34.01583333,135.3722222
よもぎだだけ,蓬田岳,福島県,952,37.26583333,140.5347222
おおたきやま,大滝山,香川県 徳島県,946,34.12333333,134.1269444
くろもり,黒森,岩手県,944,39.34833333,140.8683333
ふじしゃがだけ,富士写ヶ岳,石川県,942,36.18861111,136.3638889
もっちょむだけ,モッチョム岳,鹿児島県,940,30.25666667,130.5641667
いおうぜん<おくいおうぜん>,医王山<奥医王山>,富山県 石川県,939,36.51277778,136.7961111
かさがたやま,笠形山,兵庫県,939,35.06416667,134.8347222
さんぐんざん,三郡山,福岡県,936,33.55555556,130.5838889
ひゃくりがだけ,百里ヶ岳,福井県 滋賀県,931,35.39166667,135.81
ろっこうさん,六甲山,兵庫県,931,34.77805556,135.2636111
いなおだけ,稲尾岳,鹿児島県,930,31.12333333,130.8847222
あずまねやま,東根山,岩手県,928,39.5875,141.0597222
うんぺんじさん,雲辺寺山,香川県 徳島県,927,34.03527778,133.7230556
あたごやま,愛宕山,京都府,924,35.06027778,135.6341667
かいもんだけ,開聞岳,鹿児島県,924,31.18,130.5283333
たかのすざん,鷹ノ巣山,広島県,922,34.56611111,132.7461111
ちょうろうがだけ,長老ヶ岳,京都府,917,35.30333333,135.4738889
[みなみいおうとう],[南硫黄島],東京都,916,24.23388889,141.4633333
せっぴこさん,雪彦山,兵庫県,915,35.07277778,134.6511111
ございしょざん,御在所山,愛媛県,915,33.34388889,132.7558333
のさかだけ,野坂岳,福井県,913,35.58972222,136.0247222
ごずさん,五頭山,新潟県,912,37.80111111,139.3455556
うんげつやま,雲月山,島根県 広島県,911,34.80222222,132.2388889
なちさん<えぼしやま>,那智山<烏帽子山>,和歌山県,910,33.69611111,135.9008333
しょうがだけ,笙ヶ岳,岐阜県,908,35.28361111,136.5111111
ねのとまりやま,子ノ泊山,三重県,907,33.79444444,135.9305556
あおのやま,青野山,島根県,907,34.46222222,131.7980556
りゅうもんがだけ,竜門岳,奈良県,904,34.44055556,135.8977778
ふくちやま,福智山,福岡県,901,33.74222222,130.8038889
いわわきさん,岩湧山,大阪府,897,34.37416667,135.5511111
さじきがだけ,桟敷ヶ岳,京都府,896,35.15916667,135.7172222
むろねさん,室根山,岩手県,895,38.97527778,141.4472222
くろひめさん,黒姫山,新潟県,891,37.22611111,138.5922222
しらきやま,白木山,広島県,889,34.52138889,132.5755556
あきはさん,秋葉山,静岡県,885,34.98166667,137.8661111
しょうじやま,障子山,愛媛県,885,33.70527778,132.7652778
かまふせやま,釜臥山,青森県,878,41.27861111,141.12
つくばさん,筑波山,茨城県,877,36.22527778,140.1066667
どうだいらさん,堂平山,埼玉県,876,36.00583333,139.19
きっとやさん,屹兎屋山,福島県,875,37.21055556,140.8675
ひかみさん,氷上山,岩手県,874,39.05888889,141.6605556
てんぐだけ,天狗岳,北海道,872,43.18472222,140.6608333
とうきんざん,頭巾山,福井県 京都府,871,35.3775,135.5344444
ものみやま,物見山,岩手県,870,39.20111111,141.4016667
おいしがみね,生石ヶ峰,和歌山県,870,34.105,135.3341667
いまのやま,今ノ山,高知県,868,32.8575,132.8502778
いるむけっぷやま,イルムケップ山,北海道,864,43.62916667,142.1102778
かんざん,冠山,島根県,863,34.9175,132.5019444
ようろうさん,養老山,岐阜県,859,35.26305556,136.5233333
かつらぎさん,葛城山,大阪府 和歌山県,858,34.34805556,135.4344444
かむいぬぷり（ましゅうだけ）,カムイヌプリ（摩周岳）,北海道,857,43.57222222,144.5608333
どうがもり,堂が森,高知県,857,33.16,132.8766667
じんばさん（じんばさん）,陣馬山（陣場山）,東京都 神奈川県,855,35.65222222,139.1666667
にしやま（はちじょうふじ）,西山（八丈富士）,東京都,854,33.13694444,139.7661111
おりつめだけ,折爪岳,岩手県,852,40.26888889,141.3744444
しんぼだけ,新保岳,新潟県,852,38.36111111,139.5108333
いずがたけ,伊豆ヶ岳,埼玉県,851,35.92694444,139.1605556
おやま,御山,東京都,851,33.87444444,139.6019444
ひえいざん<だいひえい>,比叡山<大比叡>,滋賀県 京都府,848,35.06583333,135.8344444
かさとりやま,笠取山,三重県,842,34.73416667,136.2966667
ぽろぬぷりざん,ポロヌプリ山,北海道,841,44.96166667,142.4202778
ひがしとこのおさん,東床尾山,兵庫県,839,35.42194444,134.9158333
のろさん（ぜんだなやま）,野呂山（膳棚山）,広島県,839,34.26222222,132.6661111
ほしのこやま,星居山,広島県,834,34.74805556,133.2216667
はっこうさん,八高山,静岡県,832,34.9075,138.0566667
おおえやま（せんじょうがたけ）,大江山（千丈ヶ嶽）,京都府,832,35.45333333,135.1066667
むかばきやま,行縢山,宮崎県,830,32.62583333,131.5722222
にころやま,仁頃山,北海道,829,43.87833333,143.7183333
りょうぜん,霊山,福島県,825,37.76888889,140.6875
きょうがみね,経が峰,三重県,819,34.76638889,136.3744444
うつだけ,欝岳,北海道,818,44.29166667,143.0825
けなしやま,毛無山,北海道,816,42.29527778,139.8105556
けんそざん<ほしがじょうやま>,嶮岨山<星ヶ城山>,香川県,816,34.51527778,134.3175
いずしやま,出石山,愛媛県,812,33.535,132.4652778
あぽいだけ,アポイ岳,北海道,810,42.10777778,143.0255556
おおえたかやま,大江高山,島根県,808,35.06388889,132.4286111
うきだけ,浮嶽,福岡県 佐賀県,805,33.47,130.0991667
たかとりやま,鷹取山,福岡県,802,33.30305556,130.7227778
あおそやま,青麻山,宮城県,799,38.08472222,140.6075
くろたけ,玄岳,静岡県,798,35.08166667,139.0280556
おたけ,御岳,鹿児島県,796,29.63833333,129.7138889
いわべだけ,岩部岳,北海道,794,41.52722222,140.3108333
ひのさん,日野山,福井県,794,35.85916667,136.2075
みたけ,三嶽,兵庫県,793,35.12722222,135.245
さかきがみね,榊ヶ峰,東京都,792,25.42805556,141.2808333
ほんぐうさん,本宮山,愛知県,789,34.90972222,137.4205556
やはずやま,矢筈山,香川県,789,34.19416667,134.1966667
くもだにやま,雲谷山,福井県,786,35.55777778,135.945
けんびさん,剣尾山,大阪府,784,35.00361111,135.4038889
ひうちだけ,燧岳,青森県,781,41.43916667,141.0530556
ななほらがたけ,七洞岳,三重県,778,34.37305556,136.5158333
くにみやま,国見山,長崎県,776,33.23694444,129.8127778
おやま,雄山,東京都,775,34.09361111,139.5261111
たかはたやま,高畑山,三重県 滋賀県,773,34.88972222,136.3208333
なかつみねやま,中津峰山,徳島県,773,33.9625,134.5094444
ばんだがもり,蟠蛇森,高知県,770,33.44111111,133.2594444
れいさん,霊山,三重県,766,34.81722222,136.2605556
みはらやま<みはらしんざん>,三原山<三原新山>,東京都,758,34.72444444,139.3944444
かならせやま,鹿嵐山,大.県,758,33.43472222,131.2527778
ほっさかさん,堀坂山,三重県,757,34.54666667,136.4327778
やおとめやま,八乙女山,富山県,756,36.54055556,136.9830556
りゅうもんざん,龍門山,和歌山県,756,34.23805556,135.4113889
はいだてさん,佩楯山,大.県,754,32.95305556,131.6458333
うこたきぬぷり,ウコタキヌプリ,北海道,747,43.20833333,143.7975
にしほうべんざん,西鳳翩山,山口県,742,34.21083333,131.4094444
だけやま,岳山,広島県,741,34.64888889,133.1566667
はしかみだけ（たねいちだけ）,階上岳（種市岳）,青森県 岩手県,739,40.40083333,141.5844444
あつみだけ,温海岳,山形県,736,38.62,139.6308333
かつらだけ,桂岳,北海道,734,41.78916667,140.4644444
うすざん<おおうす>,有珠山<大有珠>,北海道,733,42.54388889,140.8391667
えらだけ,江良岳,北海道,732,41.51,139.3672222
じゅうにしんざん,十二神山,岩手県,731,39.53861111,141.975
ぽろしりやま,ポロシリ山,北海道,730,43.9625,141.8361111
しらがだけ,白髪岳,兵庫県,722,35.04611111,135.1347222
ふたごさん,両子山,大.県,720,33.58305556,131.6016667
まるやがただけ,丸屋形岳,青森県,718,41.15277778,140.5866667
ほんざん,本山,秋田県,715,39.90694444,139.7538889
やしおやま,八塩山,秋田県,713,39.23666667,140.2277778
ぬきさん,貫山,福岡県,712,33.78055556,130.9094444
とくせんじょうやま,徳仙丈山,宮城県,710,38.84833333,141.47
かんなんざん,神南山,愛媛県,710,33.5175,132.6327778
かばさん,加波山,茨城県,709,36.29888889,140.1436111
さんだいみょうじんやま,三大明神山,福島県,706,37.05194444,140.7625
いおうだけ,硫黄岳,鹿児島県,704,30.79305556,130.3052778
びんねしりだけ,敏音知岳,北海道,703,44.89305556,142.2344444
まやさん,摩耶山,兵庫県,702,34.73305556,135.2041667
かつらぎさん,桂木山,山口県,702,34.30527778,131.3027778
おおひらやま,大平山,岡山県,698,34.89888889,133.7069444
ほうらいじさん,鳳来寺山,愛知県,695,34.98416667,137.5827778
ゆわんだけ,湯湾岳,鹿児島県,694,28.29611111,129.3211111
あおばやま,青葉山,福井県,693,35.505,135.4838889
てんじょうがだけ,天井ヶ岳,山口県,691,34.31111111,131.0427778
やはずだけ,矢筈岳,熊本県 鹿児島県,687,32.12277778,130.4005556
たいこやま,太鼓山,京都府,683,35.69527778,135.2041667
じゅうぶざん,鷲峰山,京都府,682,34.83055556,135.9083333
ごさそうざん,呉娑々宇山,広島県,682,34.42277778,132.5477778
くらだけ,倉岳,熊本県,682,32.42777778,130.3269444
ぽんぽんやま,ポンポン山,京都府 大阪府,679,34.93527778,135.6238889
やえやま,八重山,鹿児島県,677,31.73444444,130.4483333
よつだきやま,四ッ滝山,青森県,670,41.12166667,140.4005556
はなおやま,花尾山,山口県,669,34.28388889,131.2211111
はちまんだけ,八幡岳,北海道,665,41.85194444,140.23
りゅうおうさん,龍王山,広島県,665,34.45583333,133.0833333
きんぼうざん,金峰山,熊本県,665,32.81416667,130.6388889
いさなごさん,磯砂山,京都府,661,35.54861111,135.0380556
みょうけんさん,妙見山,大阪府 兵庫県,660,34.92888889,135.4672222
たつわれさん,竪破山,茨城県,658,36.71083333,140.5622222
ございしょのみね,五在所ノ峯,高知県,658,33.17722222,133.1508333
ふるだけ,古岳,鹿児島県,657,30.44333333,130.2172222
くにみだけ,国見岳,福井県,656,36.07916667,136.0838889
なんたいさん,男体山,茨城県,654,36.72416667,140.4197222
くとやま,久斗山,兵庫県,650,35.62111111,134.5627778
やたてやま,矢立山,長崎県,648,34.1775,129.2261111
おおじやま,大地山,新潟県,646,37.95861111,138.4797222
いのかわだけ,井之川岳,鹿児島県,645,27.77861111,128.9830556
いこまやま,生駒山,大阪府 奈良県,642,34.67833333,135.6788889
ほうだつさん,宝達山,石川県,637,36.78194444,136.8130556
きんぽうざん,金峯山,鹿児島県,636,31.46777778,130.3830556
やひこやま,弥彦山,新潟県,634,37.70472222,138.8088889
ぱんけざん,パンケ山,北海道,632,44.85694444,142.1497222
おおひらやま,大平山,山口県,631,34.07333333,131.6302778
さなげやま,猿投山,愛知県,629,35.20583333,137.1669444
まえだけ,前岳,鹿児島県,628,29.96805556,129.9255556
たかすずやま,高鈴山,茨城県,623,36.62111111,140.5877778
やぐらだけ,櫓岳,鹿児島県,620,30.82833333,129.9375
くすやがだけ,久須夜ヶ岳,福井県,619,35.5575,135.7336111
えさん,恵山,北海道,618,41.80472222,141.1661111
たいりゅうじやま,太竜寺山,徳島県,618,33.87416667,134.5197222
くるそんざん（おだけ）,狗留孫山（御岳）,山口県,616,34.21472222,130.9763889
ぞうずさん<おおさやま>,象頭山<大麻山>,香川県,616,34.19666667,133.7886111
なくいだけ,名久井岳,青森県,615,40.38805556,141.3083333
りゅうおうざん,竜王山,山口県,614,34.06833333,130.9358333
こくぞうざん,虚空蔵山,長崎県,609,33.09055556,129.9213889
ゆづるはさん,諭鶴羽山,兵庫県,608,34.235,134.8141667
だいまんじさん,大満寺山,島根県,608,36.25666667,133.3305556
おたけ,尾岳,鹿児島県,604,31.72305556,129.7394444
たかおさん,高尾山,東京都,599,35.62527778,139.2436111
あだちやま（きりがたけ）,足立山（霧ヶ岳）,福岡県,598,33.85944444,130.9172222
とうこうさん,東光山,秋田県,594,39.40638889,140.1616667
おとわやま,音羽山,京都府,593,34.97694444,135.8530556
ぜんじのもりやま,善司ノ森山,和歌山県,591,33.59361111,135.5469444
のまだけ,野間岳,鹿児島県,591,31.40444444,130.1583333
はちろうだけ,八郎岳,長崎県,590,32.67027778,129.8563889
くまがたけ,熊ヶ岳,鹿児島県,590,31.45527778,130.4638889
かむいやま,神威山,北海道,584,42.16027778,139.4427778
はんせいざん,飯盛山,福井県,584,35.45194444,135.66
いぬなきやま（くまがしろ）,犬鳴山（熊ヶ城）,福岡県,584,33.68722222,130.5491667
みたけ,御岳,鹿児島県,584,29.465,129.5947222
おおむろやま,大室山,静岡県,580,34.90305556,139.0947222
てんじょうさん,天上山,東京都,572,34.21944444,139.1530556
くるひだけ,来日岳,兵庫県,567,35.61194444,134.7855556
せきどうさん,石動山,石川県,564,36.96555556,136.9708333
ながうらだけ,長浦岳,長崎県,561,32.91361111,129.7447222
ありあけやま,有明山,長崎県,558,34.20444444,129.265
あさまがたけ,朝熊ヶ岳,三重県,555,34.46111111,136.7813889
やくらいさん,,宮城県,553,38.57555556,140.7052778
うたがきやま,歌垣山,大阪府,553,34.97416667,135.4766667
はちぶせやま,鉢伏山,石川県,544,37.37777778,136.9708333
はっとうじさん,八塔寺山,岡山県,538,34.92305556,134.2522222
はなたかせん,鼻高山,島根県,536,35.4125,132.7527778
みせん,弥山,広島県,535,34.27944444,132.3194444
こうやま,高山,山口県,533,34.65222222,131.6133333
もいわやま,藻岩山,北海道,531,43.0225,141.3222222
おおざさん,皇座山,山口県,526,33.85305556,132.1422222
かどやま,角山,熊本県,526,32.39944444,130.0938889
おもとだけ,於茂登岳,沖縄県,526,24.42722222,124.1833333
みょうけんやま,妙見山,兵庫県,522,34.49722222,134.9433333
わがくにさん,吾国山,茨城県,518,36.32194444,140.2011111
しらたけ,白嶽,長崎県,518,34.26416667,129.2497222
にじょうさん<おだけ>,二上山<雄岳>,奈良県,517,34.52583333,135.6775
くろかみざん,黒髪山,佐賀県,516,33.21388889,129.9022222
かんむりだけ（にしだけ）,冠岳（西岳）,鹿児島県,516,31.74861111,130.3311111
あとさぬぷり（いおうざん）,アトサヌプリ（硫黄山）,北海道,508,43.61027778,144.4386111
ふっこしえぼし,吹越烏帽子,青森県,508,41.0375,141.3172222
みやつかやま,宮塚山,東京都,508,34.52027778,139.2791667
ほろづきやま,母衣月山,北海道,504,42.77,140.215
よなはだけ,与那覇岳,沖縄県,503,26.71694444,128.2186111
つつがたけ,筒ヶ岳,熊本県,501,32.98472222,130.5275
かなやま,金山,岡山県,499,34.74472222,133.9408333
おたけ,御岳,鹿児島県,497,29.90305556,129.5416667
[よこあてじま],[横当島],鹿児島県,495,28.80083333,128.9947222
れぶんだけ,礼文岳,北海道,490,45.3725,141.0158333
おおひらやま,大平山,香川県,479,34.32972222,133.9525
みたけ<おだけ>,御岳<雄岳>,長崎県,479,34.57194444,129.3816667
きんぼうざん,金峯山,山形県,471,38.68222222,139.7980556
ほうりゅうざん,宝立山,石川県,471,37.42861111,137.1625
こみだけ,古見岳,沖縄県,469,24.35916667,123.8911111
ぼんじゅさん,梵珠山,青森県,468,40.79972222,140.5755556
みわやま,三輪山,奈良県,467,34.535,135.8669444
ちぶさやま,乳房山,東京都,463,26.65944444,142.1613889
ててがたけ,父ヶ岳,長崎県,460,32.69833333,128.6811111
やえだけ,八重岳,沖縄県,453,26.63555556,127.9283333
たくひやま,焼火山,島根県,452,36.07472222,133.0319444
きんかさん,金華山,宮城県,444,38.29527778,141.5666667
しらはたやま,白旗山,兵庫県,440,34.90833333,134.3808333
さんのうざん（おだけ）,山王山（雄嶽）,長崎県,439,32.93333333,129.0530556
くまがみね,熊ヶ峰,広島県,438,34.43333333,133.3683333
しぎさん,信貴山,奈良県,437,34.61277778,135.6683333
わしがとうざん,鷲ヶ頭山,愛媛県,436,34.23916667,133.0213889
みかみやま,三上山,滋賀県,432,35.05055556,136.0377778
ぽろしりやま,幌尻山,北海道,427,45.16555556,142.0086111
いいのやま（さぬきふじ）,飯野山（讃岐富士）,香川県,422,34.27444444,133.8458333
そせきざん,俎石山,和歌山県 大阪府,420,34.30833333,135.2077778
はぐろさん,羽黒山,山形県,414,38.7025,139.9827778
ぼうじゅうさん,房住山,秋田県,409,40.06055556,140.2161111
あたごやま,愛宕山,千葉県,408,35.115,139.9869444
きざん,基山,佐賀県,404,33.44277778,130.5102778
くわはたやま,桑畑山,青森県,400,41.3875,141.4408333
しょうわしんざん,昭和新山,北海道,398,42.5425,140.8644444
いおうやま,硫黄山,東京都,394,30.48388889,140.3030556
かのうざん,鹿野山,千葉県,379,35.25555556,139.9716667
きよすみやま<みょうけんやま>,清澄山<妙見山>,千葉県,377,35.1625,140.1522222
ごけんざん（やくりやま）,五剣山（八栗山）,香川県,375,34.36111111,134.1413889
しょしゃざん,書写山,兵庫県,371,34.89277778,134.6563889
おんなだけ,恩納岳,沖縄県,363,26.47944444,127.8747222
かんぷうざん,寒風山,秋田県,355,39.93361111,139.8752778
とみさん,富山,千葉県,349,35.09888889,139.8813889
あさひやま,朝日山,島根県,344,35.50777778,132.9763889
わかくさやま（みかさやま）,若草山（三笠山）,奈良県,342,34.69111111,135.8544444
いよがたけ,伊予ヶ岳,千葉県,336,35.10722222,139.9138889
はこだてやま,函館山,北海道,334,41.75888889,140.7041667
のこぎりやま,鋸山,千葉県,329,35.16027778,139.8408333
きんかざん,金華山,岐阜県,329,35.43333333,136.7813889
かさぎやま,笠置山,京都府,324,34.75194444,135.9505556
たいはくさん,太白山,宮城県,321,38.235,140.8022222
ちゅうおうざん,中央山,東京都,320,27.07333333,142.2186111
いまきらだけ,イマキラ岳,鹿児島県,292,29.14444444,129.2080556
びざん,眉山,徳島県,290,34.06111111,134.5163889
しのぶやま,信夫山,福島県,275,37.77083333,140.4616667
ふたがみやま,二上山,富山県,274,36.79,137.0152778
たかだてやま,高館山,山形県,273,38.76305556,139.7475
おおぐすやま,大楠山,神奈川県,241,35.25,139.6280556
おおやま,大山,鹿児島県,240,27.36916667,128.5666667
あまめがくら,天女ヶ倉,鹿児島県,238,30.74361111,131.0533333
ののだけやま,箟岳山,宮城県,236,38.56583333,141.1786111
うらぶだけ,宇良部岳,沖縄県,231,24.45277778,123.0055556
くのうざん,久能山,静岡県,216,34.96611111,138.4680556
うねびやま,畝傍山,奈良県,199,34.4925,135.7847222
おおやま,大山,千葉県,193,34.96416667,139.7777778
すりばちやま（ぱいぷやま）,摺鉢山（パイプ山）,東京都,170,24.75055556,141.2891667
あまのかぐやま,天香久山,奈良県,152,34.49583333,135.8183333
みみなしやま,耳成山,奈良県,139,34.51472222,135.8052778
おおたかもり,大高森,宮城県,105,38.34055556,141.1525
とうきょうすかいつりー,東京スカイツリー,東京都,634,,
とうきょうタワー,東京タワー,東京都,333,,
あべのはるかす,あべのハルカス,大阪府,300,,
よこはまらうんどまーくたわー,横浜ランドマークタワー,神奈川県,296,,
ろっぽんぎひるずもりたわー,六本木ヒルズ森タワー,東京都,270,,
とうきょうとちょうだいいちほんちょうしゃ,東京都庁第一本庁舎,東京都,243,,
ふくおかたわー,福岡タワー,福岡県,234,,
きょうとたわー,京都タワー,京都府,131,,
つうてんかく,通天閣,大阪府,103,,
さっぽろてれびとう,札幌テレビ塔,北海道,91,,
きょうせらどーむおおさか,京セラドーム大阪,大阪府,83,,
たいようのとう,太陽の塔,大阪府,70,,
こっかいぎじどう,国会議事堂,東京都,66,,
たわー・おぶ・てらー（とうきょうでぃずにーしー）,タワー・オブ・テラー（東京ディズニーシー）,千葉県,59,,
とうきょうどーむ,東京ドーム,東京都,56,,
おおさかじょう（てんしゅ）,大阪城（天守）,大阪府,55,,
しぶや109,SHIBUYA109,東京都,50,,
りょうごくこくぎかん,両国国技館,東京都,40,,
ながやじょう（てんしゅ）,名古屋城（天守）,愛知県,37,,
ひめじじょう（てんしゅ）,姫路城（天守）,兵庫県,32,,
くまもとじょう（てんしゅ）,熊本城（天守）,熊本県,30,,
さっぽろとけいだい,札幌市時計台,北海道,19,,
とうだいじのだいぶつ,東大寺の大仏,奈良県,18,,
かまくらだいぶつ,鎌倉大仏,神奈川県,11,,
ろせんばす（しゃりょうながさ）,路線バス（車両長さ）,,10,,